City_ID,City,Country,Date,Lat,Lng,Max Temp,Humidity,Cloudiness,Wind Speed
0,Ribeira Grande,PT,2021-11-21 16:22:05,38.5167,-28.7,64.8,82,75,23.02
1,Kruisfontein,ZA,2021-11-21 16:22:05,-34.0033,24.7314,69.89,84,98,22.1
2,Hami,CN,2021-11-21 16:22:05,42.8,93.45,26.44,47,0,3.18
3,Ushuaia,AR,2021-11-21 16:21:32,-54.8,-68.3,38.86,81,75,25.32
4,Beyneu,KZ,2021-11-21 16:22:06,45.3167,55.2,40.14,75,26,18.7
5,Cape Town,ZA,2021-11-21 16:20:28,-33.9258,18.4232,75.61,61,20,23.02
6,Ilulissat,GL,2021-11-21 16:22:06,69.2167,-51.1,24.82,68,75,6.91
7,Quartucciu,IT,2021-11-21 16:22:06,39.2519,9.1794,55.99,83,20,1.01
8,Thompson,CA,2021-11-21 16:22:07,55.7435,-97.8558,3.36,72,20,18.41
9,Port Elizabeth,ZA,2021-11-21 16:22:07,-33.918,25.5701,72.1,83,75,20.71
10,Henties Bay,NA,2021-11-21 16:22:07,-22.116,14.2845,63.86,79,3,14.12
11,Talcahuano,CL,2021-11-21 16:22:07,-36.7167,-73.1167,67.68,56,0,11.5
12,Jamestown,US,2021-11-21 16:18:01,42.097,-79.2353,45.99,59,20,5.01
13,Chuy,UY,2021-11-21 16:22:08,-33.6971,-53.4616,87.8,35,0,10.33
14,San Ramon,US,2021-11-21 16:21:29,37.7799,-121.978,57.29,65,1,0.0
15,Birpur,IN,2021-11-21 16:22:08,26.5167,87.0167,69.37,68,0,3.44
16,Dekar,BW,2021-11-21 16:22:08,-21.5333,21.9333,81.36,46,100,18.19
17,Sao Joao Da Barra,BR,2021-11-21 16:22:09,-21.6403,-41.0511,77.09,63,65,13.4
18,Yayva,RU,2021-11-21 16:22:09,59.3303,57.2641,29.17,97,100,6.31
19,Port-Gentil,GA,2021-11-21 16:22:09,-0.7193,8.7815,84.16,84,75,10.36
20,Punta Arenas,CL,2021-11-21 16:22:09,-53.15,-70.9167,46.51,49,75,21.85
21,Bambous Virieux,MU,2021-11-21 16:22:10,-20.3428,57.7575,77.25,73,20,3.44
22,Narsaq,GL,2021-11-21 16:22:10,60.9167,-46.05,34.02,99,100,6.98
23,Saint-Philippe,RE,2021-11-21 16:22:10,-21.3585,55.7679,76.59,75,38,7.34
24,Tasiilaq,GL,2021-11-21 16:22:10,65.6145,-37.6368,28.56,90,100,3.94
25,Vila Franca Do Campo,PT,2021-11-21 16:22:11,37.7167,-25.4333,63.19,92,100,10.33
26,Torbay,CA,2021-11-21 16:22:11,47.6666,-52.7314,35.49,66,75,11.5
27,Kemijarvi,FI,2021-11-21 16:22:11,66.7131,27.4306,21.06,77,97,11.7
28,Antofagasta,CL,2021-11-21 16:17:24,-23.65,-70.4,70.21,58,26,11.05
29,Adjumani,UG,2021-11-21 16:22:11,3.3779,31.7909,75.07,65,83,3.27
30,Souillac,MU,2021-11-21 16:22:12,-20.5167,57.5167,77.38,73,20,3.44
31,Talnakh,RU,2021-11-21 16:22:12,69.4865,88.3972,-20.99,86,12,8.93
32,Bonthe,SL,2021-11-21 16:22:12,7.5264,-12.505,84.38,70,28,9.91
33,Libertador General San Martin,AR,2021-11-21 16:22:12,-23.8064,-64.7876,96.98,27,3,6.8
34,Coquimbo,CL,2021-11-21 16:22:13,-29.9533,-71.3436,62.33,77,40,13.8
35,Vila Velha,BR,2021-11-21 16:20:53,-20.3297,-40.2925,71.55,91,75,11.99
36,Suez,EG,2021-11-21 16:22:13,29.9737,32.5263,68.16,49,64,11.34
37,Huarmey,PE,2021-11-21 16:22:13,-10.0681,-78.1522,69.82,76,93,9.06
38,Sankt Polten,AT,2021-11-21 16:22:13,48.2,15.6333,46.87,84,3,5.61
39,Abu Kamal,SY,2021-11-21 16:22:14,34.4506,40.9171,66.85,47,100,5.23
40,Independencia,BR,2021-11-21 16:22:14,-5.3964,-40.3086,97.48,23,6,7.11
41,Port Alfred,ZA,2021-11-21 16:22:14,-33.5906,26.891,69.4,84,74,30.29
42,Qaanaaq,GL,2021-11-21 16:23:15,77.484,-69.3632,-7.55,62,7,7.23
43,Arraial Do Cabo,BR,2021-11-21 16:23:15,-22.9661,-42.0278,75.16,53,40,13.8
44,Dhone,IN,2021-11-21 16:23:15,15.4167,77.8833,75.47,84,100,5.01
45,Trelew,AR,2021-11-21 16:23:15,-43.249,-65.3051,69.19,47,100,15.26
46,Lashio,MM,2021-11-21 16:23:16,22.9333,97.75,61.02,91,6,1.74
47,Beverly,US,2021-11-21 16:23:16,42.5584,-70.8801,53.06,71,90,5.99
48,Kamina,CD,2021-11-21 16:23:16,-8.7386,24.9906,72.95,75,65,3.74
49,Varnsdorf,CZ,2021-11-21 16:23:16,50.9115,14.6182,43.41,92,99,3.2
50,Piacabucu,BR,2021-11-21 16:21:00,-10.4056,-36.4344,86.67,57,50,12.35
51,Longyearbyen,SJ,2021-11-21 16:21:24,78.2186,15.6401,3.04,78,40,9.22
52,Tondon,GN,2021-11-21 16:23:17,10.3667,-13.35,88.16,29,0,2.71
53,Roald,NO,2021-11-21 16:23:17,62.5833,6.1333,38.16,93,40,2.3
54,Clyde River,CA,2021-11-21 16:23:17,70.4692,-68.5914,-5.57,84,96,4.61
55,Namibe,AO,2021-11-21 16:23:18,-15.1961,12.1522,70.59,71,8,11.18
56,Mar Del Plata,AR,2021-11-21 16:23:18,-38.0023,-57.5575,84.22,54,0,15.01
57,Carutapera,BR,2021-11-21 16:23:18,-1.195,-46.02,87.62,61,38,9.46
58,Vestmannaeyjar,IS,2021-11-21 16:23:18,63.4427,-20.2734,43.79,93,90,26.46
59,Vardablur,AM,2021-11-21 16:23:19,40.9708,44.5089,39.78,61,11,2.42
60,Contamana,PE,2021-11-21 16:23:19,-7.3333,-75.0167,95.18,38,93,1.66
61,Hambantota,LK,2021-11-21 16:23:19,6.1241,81.1185,77.65,77,65,9.86
62,Lulea,SE,2021-11-21 16:23:19,65.5842,22.1547,21.27,79,0,10.36
63,Nantucket,US,2021-11-21 16:19:37,41.2835,-70.0995,55.54,80,100,16.15
64,Pesochnoye,RU,2021-11-21 16:23:20,58.006,39.1772,28.98,95,100,7.49
65,Stabat,ID,2021-11-21 16:23:20,3.761,98.4513,80.8,96,100,2.86
66,Maceio,BR,2021-11-21 16:23:20,-9.6658,-35.7353,90.84,55,75,14.97
67,Mahebourg,MU,2021-11-21 16:23:21,-20.4081,57.7,77.29,73,20,3.44
68,San Cristobal,VE,2021-11-21 16:23:21,7.7669,-72.225,73.58,60,89,4.92
69,Nagua,DO,2021-11-21 16:23:21,19.3832,-69.8474,88.11,79,20,9.22
70,Kaura Namoda,NG,2021-11-21 16:23:21,12.5898,6.5779,95.02,12,17,8.08
71,Sorland,NO,2021-11-21 16:23:22,67.667,12.6934,28.47,50,100,12.5
72,Mbandaka,CD,2021-11-21 16:23:22,0.0487,18.2603,74.84,85,100,5.06
73,Nizwa,OM,2021-11-21 16:23:22,22.9333,57.5333,75.29,34,9,4.12
74,Codrington,AU,2021-11-21 16:23:22,-38.2667,141.9667,47.01,90,14,6.13
75,Albany,US,2021-11-21 16:19:37,42.6001,-73.9662,49.8,61,90,4.99
76,Busselton,AU,2021-11-21 16:23:23,-33.65,115.3333,61.09,92,92,8.9
77,Bosobolo,CD,2021-11-21 16:23:23,4.1833,19.9,82.53,60,80,2.73
78,Tulsipur,NP,2021-11-21 16:23:23,28.131,82.2973,59.54,68,0,4.76
79,Rodrigues Alves,BR,2021-11-21 16:23:23,-7.738,-72.6509,84.4,65,83,0.87
80,Znamenskoye,RU,2021-11-21 16:23:24,57.1281,73.8282,17.1,93,99,9.15
81,Dikson,RU,2021-11-21 16:23:24,73.5069,80.5464,-7.67,74,15,15.1
82,Pangnirtung,CA,2021-11-21 16:23:24,66.1451,-65.7125,1.53,92,74,6.24
83,Korla,CN,2021-11-21 16:23:24,41.7597,86.1469,29.16,44,0,4.25
84,Calabozo,VE,2021-11-21 16:23:25,8.9242,-67.4293,85.93,59,95,5.88
85,East London,ZA,2021-11-21 16:24:25,-33.0153,27.9116,70.74,83,75,19.57
86,Myitkyina,MM,2021-11-21 16:24:25,25.3833,97.4,66.29,76,1,2.35
87,Georgetown,MY,2021-11-21 16:24:26,5.4112,100.3354,80.53,91,40,0.0
88,Lenine,UA,2021-11-21 16:24:26,45.2986,35.7771,49.41,81,7,7.36
89,Bella Union,UY,2021-11-21 16:24:26,-30.2752,-57.6007,93.22,19,2,8.5
90,Kangaatsiaq,GL,2021-11-21 16:24:26,68.3065,-53.4641,25.56,66,99,6.53
91,Lagoa,PT,2021-11-21 16:24:27,39.05,-27.9833,61.88,85,100,33.2
92,Barra Do Garcas,BR,2021-11-21 16:24:27,-15.89,-52.2567,81.18,83,75,5.75
93,Bredasdorp,ZA,2021-11-21 16:24:27,-34.5322,20.0403,65.28,77,85,18.45
94,Monrovia,LR,2021-11-21 16:24:27,6.3005,-10.7969,85.77,69,22,9.71
95,Alegrete,BR,2021-11-21 16:22:24,-29.7831,-55.7919,90.82,23,1,8.86
96,Aksarka,RU,2021-11-21 16:24:28,66.5606,67.7975,12.96,96,100,7.34
97,Puerto Escondido,MX,2021-11-21 16:24:28,15.85,-97.0667,83.23,69,1,0.0
98,Vawkavysk,BY,2021-11-21 16:24:28,53.1561,24.4513,46.09,82,100,16.15
99,Lesogorskiy,RU,2021-11-21 16:24:28,61.0455,28.9294,31.03,75,87,11.27
100,Abonnema,NG,2021-11-21 16:24:29,4.7084,6.7931,85.23,70,100,5.03
101,Okakarara,NA,2021-11-21 16:24:29,-20.5833,17.4333,87.91,12,9,18.07
102,Were Ilu,ET,2021-11-21 16:24:29,10.6,39.4333,52.43,44,34,7.2
103,Hermanus,ZA,2021-11-21 16:24:29,-34.4187,19.2345,74.89,75,68,19.6
104,Boa Vista,BR,2021-11-21 16:24:30,2.8197,-60.6733,76.98,88,90,3.44
105,Mana,GF,2021-11-21 16:24:30,5.6592,-53.7767,83.59,74,90,6.58
106,Upernavik,GL,2021-11-21 16:24:30,72.7868,-56.1549,11.55,76,99,4.68
107,Muros,ES,2021-11-21 16:24:31,42.7762,-9.0603,60.1,63,2,10.71
108,Medea,DZ,2021-11-21 16:24:31,36.2642,2.7539,52.25,75,38,11.21
109,Kilimatinde,TZ,2021-11-21 16:24:31,-5.85,34.95,85.78,23,81,5.32
110,Labuhan,ID,2021-11-21 16:24:31,-6.8844,112.2051,81.93,75,100,1.41
111,Ponta Do Sol,PT,2021-11-21 16:24:32,32.6667,-17.1,67.01,82,100,12.93
112,Lebu,CL,2021-11-21 16:24:32,-37.6167,-73.65,61.2,74,2,18.37
113,Monroe,US,2021-11-21 16:21:48,43.1501,-77.6831,49.35,59,75,9.22
114,Rio Gallegos,AR,2021-11-21 16:21:34,-51.6226,-69.2181,50.05,29,40,19.57
115,Pisco,PE,2021-11-21 16:24:32,-13.7,-76.2167,69.85,73,40,6.91
116,Port Blair,IN,2021-11-21 16:24:32,11.6667,92.75,81.39,84,46,8.5
117,Ancud,CL,2021-11-21 16:24:33,-41.8697,-73.8203,62.42,89,100,11.07
118,Champerico,GT,2021-11-21 16:24:33,14.3,-91.9167,91.35,68,35,1.79
119,Mpika,ZM,2021-11-21 16:24:33,-11.8343,31.4529,77.18,38,83,7.05
120,Ulaangom,MN,2021-11-21 16:24:33,49.9811,92.0667,7.84,87,81,2.21
121,Cabuyaro,CO,2021-11-21 16:24:34,4.2817,-72.794,81.57,70,99,1.28
122,Nanortalik,GL,2021-11-21 16:24:34,60.1432,-45.2371,34.63,99,100,7.78
123,George Town,MY,2021-11-21 16:20:43,5.4112,100.3354,80.53,91,40,0.0
124,Coihaique,CL,2021-11-21 16:24:34,-45.5752,-72.0662,63.21,63,75,11.5
125,Kutum,SD,2021-11-21 16:24:34,14.2,24.6667,73.96,18,14,8.1
126,Kavaratti,IN,2021-11-21 16:24:35,10.5669,72.642,81.91,72,27,11.68
127,Inirida,CO,2021-11-21 16:24:35,3.8653,-67.9239,75.16,92,100,1.36
128,Kiryas Joel,US,2021-11-21 16:24:35,41.342,-74.1679,51.35,62,20,5.75
129,Vallenar,CL,2021-11-21 16:25:35,-28.5708,-70.7581,85.03,17,47,8.59
130,Castro,BR,2021-11-21 16:25:36,-24.7911,-50.0119,77.25,37,29,3.78
131,Lucapa,AO,2021-11-21 16:25:36,-8.4192,20.7447,78.6,63,93,2.06
132,Luderitz,NA,2021-11-21 16:25:36,-26.6481,15.1594,65.44,69,0,18.19
133,Vardo,NO,2021-11-21 16:25:36,70.3705,31.1107,26.35,56,96,25.72
134,Belmonte,BR,2021-11-21 16:25:37,-15.8631,-38.8828,84.2,71,72,7.92
135,Caxito,AO,2021-11-21 16:25:37,-8.5785,13.6643,84.54,57,71,9.46
136,Kalmunai,LK,2021-11-21 16:25:37,7.4167,81.8167,79.2,76,35,1.45
137,Guican,CO,2021-11-21 16:25:37,6.4618,-72.4113,58.35,71,88,2.64
138,Ajdabiya,LY,2021-11-21 16:25:38,30.7554,20.2263,67.77,60,18,6.4
139,Amla,IN,2021-11-21 16:25:38,21.9333,78.1167,73.99,73,100,2.68
140,Sawakin,SD,2021-11-21 16:25:38,19.1059,37.3321,80.44,62,31,11.18
141,Plaster Rock,CA,2021-11-21 16:25:38,46.9065,-67.39,37.92,69,100,5.46
142,Along,IN,2021-11-21 16:25:39,28.1667,94.7667,64.74,60,94,1.19
143,Bardiyah,LY,2021-11-21 16:25:39,31.7561,25.0865,65.39,57,10,3.91
144,Walcz,PL,2021-11-21 16:25:39,53.2779,16.4712,41.11,81,100,5.06
145,Sioux Lookout,CA,2021-11-21 16:25:39,50.1001,-91.917,17.98,73,75,18.41
146,Camacha,PT,2021-11-21 16:25:40,33.0833,-16.3333,65.62,68,20,13.8
147,Kose,TR,2021-11-21 16:25:40,40.21,39.6511,32.56,68,7,2.68
148,Hithadhoo,MV,2021-11-21 16:25:40,-0.6,73.0833,80.71,79,100,12.66
149,Taperoa,BR,2021-11-21 16:25:40,-7.2075,-36.8267,92.93,25,70,5.66
150,Arica,CL,2021-11-21 16:25:41,-18.475,-70.3042,74.75,64,0,12.66
151,Amboasary,MG,2021-11-21 16:25:41,-25.0333,46.3833,75.04,79,97,13.04
152,Geraldton,AU,2021-11-21 16:25:41,-28.7667,114.6,65.12,77,37,8.05
153,Nicoya,CR,2021-11-21 16:25:41,10.1483,-85.452,83.75,71,7,6.31
154,Talara,PE,2021-11-21 16:25:42,-4.5772,-81.2719,72.36,68,75,10.36
155,Sur,OM,2021-11-21 16:25:42,22.5667,59.5289,76.15,50,45,10.76
156,Paita,PE,2021-11-21 16:25:42,-5.0892,-81.1144,72.16,69,22,9.37
157,Liberty,US,2021-11-21 16:25:43,31.8335,-81.5004,66.06,56,1,1.01
158,Krasnoselkup,RU,2021-11-21 16:25:43,65.7,82.4667,5.59,94,100,19.08
159,Malakal,SS,2021-11-21 16:25:43,9.5334,31.6605,84.11,20,84,5.82
160,Carnarvon,AU,2021-11-21 16:25:43,-24.8667,113.6333,68.07,68,75,13.8
161,Mayumba,GA,2021-11-21 16:25:44,-3.432,10.6554,80.22,78,100,5.28
162,Khoy,IR,2021-11-21 16:25:44,38.5504,44.9535,46.44,61,8,2.04
163,Paoua,CF,2021-11-21 16:25:44,7.2427,16.4406,86.14,31,71,4.09
164,Santa Isabel Do Rio Negro,BR,2021-11-21 16:25:44,-0.4139,-65.0192,73.58,99,100,3.24
165,Shwebo,MM,2021-11-21 16:25:45,22.5667,95.7,73.49,83,7,3.76
166,Les Cayes,HT,2021-11-21 16:25:45,18.2,-73.75,84.74,61,51,5.41
167,Mananjary,MG,2021-11-21 16:25:45,-21.2167,48.3333,78.31,77,33,9.98
168,Baykit,RU,2021-11-21 16:25:45,61.67,96.37,2.34,98,100,3.38
169,Victoria,HK,2021-11-21 16:25:46,22.2855,114.1577,75.18,89,4,1.99
170,Puerto Ayora,EC,2021-11-21 16:25:46,-0.7393,-90.3518,76.96,74,74,10.56
171,Macapa,BR,2021-11-21 16:25:46,0.0389,-51.0664,87.78,62,40,6.91
172,Saldanha,ZA,2021-11-21 16:21:52,-33.0117,17.9442,78.85,74,10,20.76
173,Suslonger,RU,2021-11-21 16:25:47,56.3156,48.2531,32.72,95,84,9.89
174,Llanes,ES,2021-11-21 16:25:47,43.4198,-4.7549,58.89,84,99,7.43
175,Saint-Marc,HT,2021-11-21 16:25:47,19.1082,-72.6938,82.92,66,74,4.94
176,Sabang,ID,2021-11-21 16:25:47,5.8933,95.3214,81.14,80,93,16.11
177,Havelock,US,2021-11-21 16:21:56,34.8791,-76.9013,69.78,73,20,1.01
178,Hurghada,EG,2021-11-21 16:22:41,27.2574,33.8129,70.52,39,6,10.47
179,Verkhniy Rohachyk,UA,2021-11-21 16:26:48,47.2505,34.338,45.9,79,45,10.74
180,Qostanay,KZ,2021-11-21 16:24:11,53.1667,63.5833,28.0,95,100,18.54
181,Bantry,IE,2021-11-21 16:26:48,51.6833,-9.45,46.35,70,6,12.73
182,Buritizeiro,BR,2021-11-21 16:26:48,-17.3511,-44.9622,72.57,90,100,3.02
183,Menongue,AO,2021-11-21 16:26:49,-14.6585,17.691,81.0,41,80,1.1
184,Nuuk,GL,2021-11-21 16:22:09,64.1835,-51.7216,30.81,86,20,4.61
185,Touros,BR,2021-11-21 16:26:49,-5.1989,-35.4608,90.5,53,5,13.78
186,Belyy Yar,RU,2021-11-21 16:26:49,53.6039,91.3903,13.86,72,93,2.24
187,Tsogni,GA,2021-11-21 16:26:49,-2.7942,10.0988,78.58,80,100,5.93
188,Ndele,CF,2021-11-21 16:26:50,8.4109,20.6473,86.09,24,30,4.05
189,Tiznit,MA,2021-11-21 16:26:50,29.5833,-9.5,69.26,46,1,10.94
190,Quepos,CR,2021-11-21 16:26:50,9.4236,-84.1652,90.7,71,7,4.76
191,Garowe,SO,2021-11-21 16:26:50,8.4054,48.4845,77.58,50,5,18.32
192,Mehamn,NO,2021-11-21 16:26:51,71.0357,27.8492,25.99,54,100,9.24
193,Novita,CO,2021-11-21 16:26:51,4.9551,-76.6053,81.05,76,96,2.53
194,Aswan,EG,2021-11-21 16:26:51,24.0934,32.907,71.78,28,0,8.23
195,Liverpool,GB,2021-11-21 16:26:51,53.4106,-2.9779,44.67,72,20,7.0
196,Colesberg,ZA,2021-11-21 16:26:52,-30.72,25.0972,70.25,43,87,24.83
197,Taft,IR,2021-11-21 16:26:52,31.7471,54.2088,51.75,41,40,11.5
198,Abha,SA,2021-11-21 16:26:52,18.2164,42.5053,62.42,55,0,4.61
199,Cap-Chat,CA,2021-11-21 16:26:52,49.1001,-66.6821,37.4,60,100,17.27
200,Oriximina,BR,2021-11-21 16:26:53,-1.7656,-55.8661,89.76,53,75,4.72
201,Numan,NG,2021-11-21 16:26:53,9.4667,12.0333,96.91,14,76,4.36
202,Kerch,UA,2021-11-21 16:26:53,45.3583,36.4758,51.73,77,6,11.52
203,Amapa,BR,2021-11-21 16:26:54,1.0,-52.0,82.9,76,99,4.47
204,Guanica,PR,2021-11-21 16:26:54,17.9716,-66.908,88.5,65,50,8.99
205,Dakoro,NE,2021-11-21 16:26:54,14.5106,6.765,94.17,11,7,7.52
206,Mutis,CO,2021-11-21 16:26:54,6.2262,-77.4044,80.29,81,76,7.65
207,Husavik,IS,2021-11-21 16:26:55,66.0449,-17.3389,49.91,89,98,13.04
208,Bengkulu,ID,2021-11-21 16:26:55,-3.8004,102.2655,77.58,86,100,2.53
209,Klaksvik,FO,2021-11-21 16:26:55,62.2266,-6.589,43.72,70,100,23.51
210,Corredor,CR,2021-11-21 16:26:55,8.64,-82.946,88.5,72,23,4.16
211,Thap Than,TH,2021-11-21 16:26:56,15.4606,99.8917,78.19,84,18,2.82
212,Mahabad,IR,2021-11-21 16:26:56,36.7631,45.7222,47.84,66,16,0.98
213,Yellowknife,CA,2021-11-21 16:25:07,62.456,-114.3525,-1.59,84,75,9.22
214,Douentza,ML,2021-11-21 16:26:56,14.9951,-2.9517,97.72,9,1,11.01
215,Saint George,US,2021-11-21 16:22:52,37.1041,-113.5841,49.78,42,1,5.99
216,Necochea,AR,2021-11-21 16:26:56,-38.5473,-58.7368,76.03,45,16,15.43
217,Bani,DO,2021-11-21 16:26:57,18.2833,-70.3333,86.76,54,95,7.34
218,Khatanga,RU,2021-11-21 16:24:13,71.9667,102.5,-37.62,98,30,4.0
219,Puerto Madero,MX,2021-11-21 16:26:57,14.7208,-92.4215,86.2,74,20,2.3
220,Puerto Leguizamo,CO,2021-11-21 16:26:57,-0.1934,-74.7819,82.96,72,52,1.16
221,Beloha,MG,2021-11-21 16:26:58,-25.1667,45.05,69.44,72,39,12.55
222,Buritis,BR,2021-11-21 16:26:58,-15.6178,-46.4233,83.68,65,99,0.67
223,San Nicolas,PH,2021-11-21 16:26:58,18.1725,120.5953,79.56,81,56,2.21
224,Nouadhibou,MR,2021-11-21 16:27:58,20.931,-17.0347,76.98,61,100,6.91
225,Kayerkan,RU,2021-11-21 16:27:59,69.3497,87.7602,-19.53,85,5,9.24
226,Kungurtug,RU,2021-11-21 16:27:59,50.5994,97.5228,-0.49,90,91,1.95
227,Shetpe,KZ,2021-11-21 16:27:59,44.1667,52.1167,41.5,68,23,14.25
228,Camana,PE,2021-11-21 16:27:59,-16.6228,-72.7111,70.41,74,66,10.4
229,Poitiers,FR,2021-11-21 16:28:00,46.5833,0.3333,46.78,70,90,5.75
230,Maniitsoq,GL,2021-11-21 16:28:00,65.4167,-52.9,27.91,93,100,4.81
231,Faridkot,IN,2021-11-21 16:28:00,30.6667,74.75,64.15,21,0,3.94
232,Cidreira,BR,2021-11-21 16:28:00,-30.1811,-50.2056,75.79,56,0,8.7
233,Toamasina,MG,2021-11-21 16:28:01,-18.1667,49.3833,78.8,73,20,6.91
234,Pineville,US,2021-11-21 16:28:01,31.3224,-92.4343,66.25,92,90,1.01
235,Tolbazy,RU,2021-11-21 16:28:01,54.0241,55.8825,31.89,89,100,17.72
236,Norrtalje,SE,2021-11-21 16:28:01,59.758,18.705,35.02,60,90,9.33
237,Akyab,MM,2021-11-21 16:28:02,20.15,92.9,78.03,66,9,7.27
238,San Javier,ES,2021-11-21 16:28:02,37.8063,-0.8374,65.25,66,20,1.99
239,Puerto Madryn,AR,2021-11-21 16:23:19,-42.7692,-65.0385,72.36,42,100,19.1
240,Pochutla,MX,2021-11-21 16:28:02,15.7432,-96.4661,89.82,52,0,3.31
241,Komsomolskiy,UZ,2021-11-21 16:28:02,40.4272,71.7189,38.62,60,40,6.91
242,Camden,US,2021-11-21 16:28:03,39.7835,-74.9663,52.77,70,76,1.01
243,Pathein,MM,2021-11-21 16:28:03,16.7833,94.7333,75.45,84,31,4.85
244,Dingle,PH,2021-11-21 16:28:03,10.9995,122.6711,77.16,91,23,4.27
245,Sassandra,CI,2021-11-21 16:28:03,4.95,-6.0833,83.28,72,27,7.54
246,Ziniare,BF,2021-11-21 16:28:04,12.5822,-1.2983,100.44,9,2,11.45
247,Lixourion,GR,2021-11-21 16:28:04,38.2019,20.4314,60.8,82,20,0.0
248,Suoyarvi,RU,2021-11-21 16:28:04,62.0833,32.35,25.66,85,97,9.69
249,Iqaluit,CA,2021-11-21 16:28:04,63.7506,-68.5145,11.93,79,75,2.3
250,Mondovi,IT,2021-11-21 16:28:05,44.396,7.8176,55.2,74,98,1.52
251,Atlantis,ZA,2021-11-21 16:28:05,-33.5667,18.4834,73.69,66,1,20.2
252,Punta Cardon,VE,2021-11-21 16:28:05,11.6581,-70.215,84.52,64,90,14.99
253,Bandarbeyla,SO,2021-11-21 16:28:05,9.4942,50.8122,78.1,70,3,11.03
254,Comodoro Rivadavia,AR,2021-11-21 16:23:19,-45.8667,-67.5,57.06,54,40,16.11
255,Sistranda,NO,2021-11-21 16:28:06,63.7256,8.834,36.9,61,97,13.42
256,Anloga,GH,2021-11-21 16:28:06,5.7947,0.8973,88.02,69,62,10.13
257,Cartagena,CO,2021-11-21 16:28:06,10.3997,-75.5144,85.62,74,40,5.75
258,Skibotn,NO,2021-11-21 16:28:07,69.3913,20.2679,25.47,96,100,7.07
259,Akdepe,TM,2021-11-21 16:28:07,42.0551,59.3788,48.29,43,94,9.6
260,Safita,SY,2021-11-21 16:28:07,34.8205,36.1153,57.6,63,19,9.78
261,Sao Filipe,CV,2021-11-21 16:28:07,14.8961,-24.4956,81.37,66,100,5.32
262,Harper,LR,2021-11-21 16:28:08,4.375,-7.7169,82.11,76,33,6.4
263,Hope,US,2021-11-21 16:28:08,33.6671,-93.5916,66.25,88,100,8.48
264,Massakory,TD,2021-11-21 16:28:08,12.996,15.7293,93.13,11,67,9.26
265,Strenci,LV,2021-11-21 16:28:08,57.6257,25.6854,36.41,73,100,9.19
266,Gadwal,IN,2021-11-21 16:28:09,16.2333,77.8,76.71,81,60,4.05
267,Bumbuna,SL,2021-11-21 16:28:09,9.05,-11.7333,89.94,39,1,3.6
268,Inhambane,MZ,2021-11-21 16:28:09,-23.865,35.3833,76.98,73,75,9.22
269,Richards Bay,ZA,2021-11-21 16:28:09,-28.783,32.0377,71.01,76,98,13.2
270,Bulawayo,ZW,2021-11-21 16:28:10,-20.15,28.5833,65.21,92,92,7.83
271,Aspindza,GE,2021-11-21 16:28:10,41.5739,43.2483,40.77,79,45,0.34
272,Shar,KZ,2021-11-21 16:28:10,49.5886,81.0453,25.34,53,100,23.06
273,Santa Ana,US,2021-11-21 16:29:10,33.7456,-117.8678,77.02,33,20,5.01
274,Ibia,BR,2021-11-21 16:29:11,-19.4783,-46.5389,77.92,77,100,4.88
275,Hobyo,SO,2021-11-21 16:29:11,5.3505,48.5268,80.82,66,56,12.97
276,Itarema,BR,2021-11-21 16:29:11,-2.9248,-39.9167,89.74,50,33,16.24
277,Konotop,UA,2021-11-21 16:29:11,51.2403,33.2026,46.24,76,100,17.27
278,Cuite,BR,2021-11-21 16:29:12,-6.4836,-36.1536,90.64,26,10,7.83
279,Lesnoy,RU,2021-11-21 16:29:12,57.6198,63.0784,26.2,92,100,12.12
280,Lokosovo,RU,2021-11-21 16:29:12,61.1333,74.8167,19.74,88,100,11.7
281,Partizanskoye,RU,2021-11-21 16:29:13,55.5006,94.39,17.6,91,100,3.62
282,Slobozia,MD,2021-11-21 16:29:13,46.7281,29.7078,49.08,68,51,7.14
283,Verrettes,HT,2021-11-21 16:29:13,19.05,-72.4667,89.19,59,62,1.83
284,Nueva Concepcion,GT,2021-11-21 16:29:13,14.2,-91.3,88.75,61,53,1.99
285,Lima,PE,2021-11-21 16:25:10,-12.0432,-77.0282,68.9,77,90,8.05
286,Itaituba,BR,2021-11-21 16:29:14,-4.2761,-55.9836,87.96,74,40,5.75
287,Botwood,CA,2021-11-21 16:29:14,49.1499,-55.3482,35.91,48,10,6.55
288,Bilma,NE,2021-11-21 16:29:14,18.6853,12.9164,87.85,15,46,7.65
289,Saint Anthony,US,2021-11-21 16:29:14,45.0205,-93.218,38.35,56,40,8.01
290,Chibuto,MZ,2021-11-21 16:29:15,-24.6867,33.5306,73.85,64,100,9.78
291,Riberalta,BO,2021-11-21 16:29:15,-10.9833,-66.1,89.8,62,75,6.91
292,Bubaque,GW,2021-11-21 16:29:15,11.2833,-15.8333,85.06,67,1,9.31
293,Yumen,CN,2021-11-21 16:29:15,40.2833,97.2,21.99,51,0,2.71
294,Rio Cuarto,AR,2021-11-21 16:29:16,-33.1307,-64.3499,95.67,21,20,8.05
295,Santarem,BR,2021-11-21 16:25:08,-2.4431,-54.7083,86.13,74,75,9.22
296,Sajanan,TN,2021-11-21 16:29:16,37.0573,9.2426,63.52,76,86,2.28
297,Kigoma,TZ,2021-11-21 16:25:47,-4.8769,29.6267,72.95,83,91,7.99
298,Leh,IN,2021-11-21 16:29:16,34.1667,77.5833,18.36,60,0,2.82
299,Naliya,IN,2021-11-21 16:29:17,23.2667,68.8333,82.2,35,30,11.95
300,Keetmanshoop,NA,2021-11-21 16:29:17,-26.5833,18.1333,85.12,12,0,26.89
301,Veselynove,UA,2021-11-21 16:29:17,47.3567,31.2349,46.74,70,41,9.91
302,Storslett,NO,2021-11-21 16:29:17,69.7678,21.0247,25.34,84,100,12.48
303,Umm Kaddadah,SD,2021-11-21 16:29:18,13.6017,26.6876,78.06,18,13,12.12
304,Margate,GB,2021-11-21 16:29:18,51.3813,1.3862,46.87,76,40,26.96
305,Tallahassee,US,2021-11-21 16:28:51,30.4383,-84.2807,69.67,79,90,3.0
306,Tevriz,RU,2021-11-21 16:29:18,57.509,72.4042,18.23,91,100,8.9
307,Mihona,IN,2021-11-21 16:29:18,26.2844,78.9817,72.66,50,0,5.64
308,Umm Lajj,SA,2021-11-21 16:29:19,25.0213,37.2685,75.07,43,3,9.24
309,Puerto Ayacucho,VE,2021-11-21 16:29:19,5.6639,-67.6236,74.79,92,100,1.7
310,Ludvika,SE,2021-11-21 16:29:19,60.1496,15.1878,31.03,57,28,6.96
311,Szczecinek,PL,2021-11-21 16:29:19,53.7079,16.6994,40.78,85,100,5.91
312,Birjand,IR,2021-11-21 16:29:20,32.8663,59.2211,48.67,27,0,4.61
313,Songea,TZ,2021-11-21 16:29:20,-10.6833,35.65,83.35,27,96,9.8
314,Kurduvadi,IN,2021-11-21 16:29:20,18.0833,75.4333,77.09,79,79,9.33
315,Sinnamary,GF,2021-11-21 16:29:20,5.3833,-52.95,85.39,63,67,8.48
316,Sisimiut,GL,2021-11-21 16:29:21,66.9395,-53.6735,22.84,86,100,6.22
317,Novaya Zaimka,RU,2021-11-21 16:29:21,56.4857,66.9241,23.29,92,100,16.89
318,Canto Do Buriti,BR,2021-11-21 16:29:21,-8.11,-42.9444,99.68,24,42,5.64
319,Barao De Melgaco,BR,2021-11-21 16:29:21,-16.1944,-55.9675,90.12,69,47,3.56
320,Mlalo,TZ,2021-11-21 16:29:22,-4.9333,38.9333,74.34,75,97,4.21
321,Lithakia,GR,2021-11-21 16:29:22,37.7167,20.8333,60.58,88,20,0.0
322,Mglin,RU,2021-11-21 16:30:22,53.0591,32.8475,43.54,84,100,19.55
323,Ak-Dovurak,RU,2021-11-21 16:30:22,51.1833,90.6,2.93,83,97,1.81
324,Porto Walter,BR,2021-11-21 16:30:23,-8.2686,-72.7439,92.62,43,94,3.0
325,Fairhaven,US,2021-11-21 16:30:23,41.6376,-70.9036,54.1,80,90,1.99
326,Mirnyy,RU,2021-11-21 16:30:23,62.5353,113.9611,-13.45,100,100,0.96
327,Serov,RU,2021-11-21 16:30:24,59.6033,60.5787,24.21,97,100,3.49
328,Pomuch,MX,2021-11-21 16:30:24,20.1333,-90.1833,82.4,56,38,5.12
329,Presidencia Roque Saenz Pena,AR,2021-11-21 16:30:24,-26.7852,-60.4388,92.19,23,25,4.41
330,Celestun,MX,2021-11-21 16:30:24,20.8667,-90.4,83.1,65,19,7.4
331,Shieli,KZ,2021-11-21 16:30:25,44.1667,66.75,43.65,56,100,11.45
332,Satka,RU,2021-11-21 16:30:25,55.0425,59.04,26.73,91,100,12.06
333,Lagos,NG,2021-11-21 16:30:25,6.5833,3.75,89.92,76,55,6.31
334,Skibbereen,IE,2021-11-21 16:30:26,51.55,-9.2667,46.2,71,4,13.49
335,Chabua,IN,2021-11-21 16:30:26,27.4825,95.1736,67.59,58,100,2.82
336,Berlevag,NO,2021-11-21 16:30:26,70.8578,29.0864,26.4,48,100,15.08
337,Arnold,GB,2021-11-21 16:30:26,53.0,-1.1333,43.86,73,13,15.52
338,Teknaf,BD,2021-11-21 16:30:27,20.8624,92.3058,72.59,75,20,8.21
339,Narayanpet,IN,2021-11-21 16:30:27,16.7333,77.5,74.46,86,20,5.28
340,Bathurst,AU,2021-11-21 16:30:27,-33.4166,149.5806,54.82,88,100,1.99
341,Narsipatnam,IN,2021-11-21 16:30:27,17.6667,82.6167,75.6,94,15,2.48
342,Meulaboh,ID,2021-11-21 16:30:28,4.1363,96.1285,75.6,91,100,3.6
343,Barsovo,RU,2021-11-21 16:30:28,61.1667,73.1667,19.53,86,100,13.15
344,Padilla,CO,2021-11-21 16:30:28,3.2204,-76.3139,79.9,67,96,3.44
345,Castle Bruce,DM,2021-11-21 16:30:28,15.4333,-61.2667,90.28,74,40,9.22
346,Graaff-Reinet,ZA,2021-11-21 16:30:29,-32.2522,24.5308,77.92,52,21,16.98
347,Nadym,RU,2021-11-21 16:30:29,65.5333,72.5167,17.17,95,100,13.73
348,Viedma,AR,2021-11-21 16:30:29,-40.8135,-62.9967,82.38,25,18,16.22
349,The Valley,AI,2021-11-21 16:29:26,18.217,-63.0578,85.1,65,40,14.97
350,Atar,MR,2021-11-21 16:30:30,20.5169,-13.0499,94.5,14,99,8.05
351,Takoradi,GH,2021-11-21 16:30:30,4.8845,-1.7554,82.85,75,25,7.63
352,Pervomayskoye,RU,2021-11-21 16:30:30,43.919,46.7102,46.38,74,10,8.05
353,Galveston,US,2021-11-21 16:30:30,29.3669,-94.9669,79.05,82,75,5.99
354,Ostersund,SE,2021-11-21 16:30:31,63.1792,14.6357,25.61,93,20,9.22
355,Stokmarknes,NO,2021-11-21 16:30:31,68.5646,14.9108,30.49,86,40,3.44
356,Yar-Sale,RU,2021-11-21 16:30:31,66.8333,70.8333,13.96,95,100,13.67
357,Ustka,PL,2021-11-21 16:30:31,54.5805,16.8619,44.83,75,100,10.6
358,Kalabo,ZM,2021-11-21 16:30:32,-14.97,22.6814,75.07,64,94,10.42
359,Filadelfia,US,2021-11-21 16:29:59,39.9523,-75.1638,53.28,68,75,4.0
360,Garh Maharaja,PK,2021-11-21 16:30:32,30.8339,71.9053,67.39,17,0,2.13
361,Jalu,LY,2021-11-21 16:30:32,29.0331,21.5482,65.1,52,5,6.55
362,Eyl,SO,2021-11-21 16:30:32,7.9803,49.8164,78.33,70,4,13.96
363,Stratford-Upon-Avon,GB,2021-11-21 16:30:33,52.1917,-1.7073,45.21,72,9,13.0
364,Bathsheba,BB,2021-11-21 16:30:33,13.2167,-59.5167,86.61,62,20,14.97
365,Bordighera,IT,2021-11-21 16:31:33,43.7806,7.6645,59.13,77,88,8.01
366,Marhaura,IN,2021-11-21 16:31:33,25.9667,84.8667,66.13,45,0,3.58
367,Knysna,ZA,2021-11-21 16:31:34,-34.0363,23.0471,64.78,89,76,12.86
368,Sao Paulo De Olivenca,BR,2021-11-21 16:31:34,-3.3783,-68.8725,81.05,77,98,1.07
369,Hude,DE,2021-11-21 16:31:35,53.1167,8.4667,45.14,92,26,6.31
370,Chapulhuacan,MX,2021-11-21 16:31:35,21.1667,-98.9,72.72,58,0,3.4
371,Coxim,BR,2021-11-21 16:31:35,-18.5067,-54.76,88.83,59,80,3.15
372,Paamiut,GL,2021-11-21 16:31:36,61.994,-49.6678,24.66,88,84,2.71
373,Bahia Blanca,AR,2021-11-21 16:30:05,-38.7196,-62.2724,85.24,23,17,6.55
374,Vilcun,CL,2021-11-21 16:30:19,-38.65,-72.2333,63.34,37,7,6.73
375,Iraquara,BR,2021-11-21 16:31:36,-12.2486,-41.6194,87.12,42,26,6.64
376,Hofn,IS,2021-11-21 16:31:36,64.2539,-15.2082,32.02,86,20,3.44
377,Walvis Bay,NA,2021-11-21 16:31:36,-22.9575,14.5053,68.95,60,0,19.57
378,Kosh-Agach,RU,2021-11-21 16:31:37,50.0,88.6667,6.15,69,50,2.44
379,Colares,PT,2021-11-21 16:31:37,38.7992,-9.4469,64.98,76,20,8.01
380,Saurimo,AO,2021-11-21 16:31:37,-9.6608,20.3916,74.25,58,36,2.75
381,Sayyan,YE,2021-11-21 16:31:38,15.1718,44.3244,60.73,42,48,3.65
382,Gravdal,NO,2021-11-21 16:31:38,68.1214,13.5031,28.29,86,20,5.75
383,Mulanje,MW,2021-11-21 16:31:38,-16.0316,35.5,78.73,60,99,5.64
384,Soyo,AO,2021-11-21 16:31:39,-6.1349,12.3689,80.1,79,100,8.03
385,Vasterhaninge,SE,2021-11-21 16:31:39,59.1167,18.1,34.63,88,74,12.71
386,Gornopravdinsk,RU,2021-11-21 16:31:39,60.05,69.9,23.4,83,100,11.83
387,Alta Floresta,BR,2021-11-21 16:31:39,-9.8756,-56.0861,87.08,60,80,3.62
388,Trabzon,TR,2021-11-21 16:31:40,40.9167,39.8333,48.29,71,0,6.91
389,Estelle,US,2021-11-21 16:31:40,29.8458,-90.1067,75.99,74,40,12.66
390,Kjollefjord,NO,2021-11-21 16:31:40,70.9457,27.3465,25.9,55,99,3.29
391,Fort Frances,CA,2021-11-21 16:28:31,48.5999,-93.4003,21.16,76,90,5.99
392,Muhos,FI,2021-11-21 16:29:11,64.808,25.9931,24.58,55,5,11.77
393,Lago Da Pedra,BR,2021-11-21 16:31:40,-4.3333,-45.1667,90.75,47,86,2.8
394,Gari,RU,2021-11-21 16:31:41,59.4307,62.3497,25.43,96,100,7.18
395,Neuquen,AR,2021-11-21 16:31:41,-38.9516,-68.0591,80.49,22,0,11.5
396,Agadez,NE,2021-11-21 16:31:41,19.75,10.25,81.57,16,34,8.12
397,Strezhevoy,RU,2021-11-21 16:31:41,60.7333,77.5889,17.58,90,100,11.27
398,Andenes,NO,2021-11-21 16:31:42,69.3143,16.1194,28.08,80,75,3.44
399,Tessalit,ML,2021-11-21 16:31:42,20.1986,1.0114,81.36,20,78,15.17
400,San Carlos De Bariloche,AR,2021-11-21 16:30:08,-41.1456,-71.3082,64.15,42,40,29.93
401,Sao Borja,BR,2021-11-21 16:31:42,-28.6606,-56.0044,93.94,20,0,5.91
402,Marzuq,YE,2021-11-21 16:31:43,14.4,46.4667,71.55,47,55,6.08
403,Porto Santo,PT,2021-11-21 16:31:43,33.072,-16.3415,68.38,68,20,13.8
404,Arrecife,ES,2021-11-21 16:31:43,28.963,-13.5477,69.87,73,0,4.61
405,Teseney,ER,2021-11-21 16:31:44,15.11,36.6575,82.45,22,4,9.55
406,Puurmani,EE,2021-11-21 16:31:44,58.5738,26.2878,34.02,94,100,9.69
407,Artesianon,GR,2021-11-21 16:31:44,39.4028,21.8947,53.37,72,0,0.96
408,Demba,CD,2021-11-21 16:31:45,-5.51,22.2667,74.32,78,63,3.65
409,Russkaya Polyana,UA,2021-11-21 16:31:45,49.417,31.9201,46.76,67,71,12.95
410,Los Llanos De Aridane,ES,2021-11-21 16:31:45,28.6585,-17.9182,67.75,95,75,5.01
411,Laguna,US,2021-11-21 16:31:46,38.421,-121.4238,58.84,94,1,0.0
412,Teya,RU,2021-11-21 16:32:46,60.3778,92.6267,11.39,95,100,3.58
413,Houma,US,2021-11-21 16:32:46,29.5958,-90.7195,77.0,85,40,5.75
414,Aksu,CN,2021-11-21 16:32:46,41.1231,80.2644,29.61,39,0,1.28
415,Vilhena,BR,2021-11-21 16:28:08,-12.7406,-60.1458,86.22,62,75,4.61
416,Pazaric,BA,2021-11-21 16:32:47,43.7886,18.1608,48.45,93,3,1.14
417,Mangrol,IN,2021-11-21 16:32:47,21.1167,70.1167,83.16,60,100,8.97
418,Darmanesti,RO,2021-11-21 16:32:47,46.3667,26.4833,50.09,78,32,6.62
419,Fort Abbas,PK,2021-11-21 16:32:48,29.1925,72.8536,69.96,15,0,6.4
420,Koltubanovskiy,RU,2021-11-21 16:32:48,52.9407,52.0269,32.25,91,98,13.15
421,Pirenopolis,BR,2021-11-21 16:32:48,-15.8525,-48.9592,82.89,80,100,3.18
422,Bembereke,BJ,2021-11-21 16:32:48,10.2283,2.6634,87.39,17,3,3.83
423,Santa Rosa,PH,2021-11-21 16:32:49,14.3122,121.1114,82.11,88,27,3.62
424,Lasa,IT,2021-11-21 16:32:49,46.6166,10.7002,47.28,84,42,1.14
425,Bolshaya Martynovka,RU,2021-11-21 16:32:49,47.271,41.6679,43.7,69,50,17.22
426,Hualmay,PE,2021-11-21 16:32:49,-11.0964,-77.6139,69.76,73,99,9.26
427,Ostrovnoy,RU,2021-11-21 16:32:50,68.0531,39.5131,28.98,83,100,30.47
428,Kattivakkam,IN,2021-11-21 16:32:50,13.2167,80.3167,83.07,88,72,2.57
429,Dalvik,IS,2021-11-21 16:32:50,65.9702,-18.5286,49.93,90,100,14.2
430,Riyadh,SA,2021-11-21 16:29:42,24.6877,46.7219,80.74,26,0,5.97
431,Phangnga,TH,2021-11-21 16:32:51,8.4509,98.5298,84.9,92,99,2.48
432,Pozo Colorado,PY,2021-11-21 16:32:51,-23.4923,-58.7972,96.66,29,19,4.7
433,Mlimba,TZ,2021-11-21 16:32:51,-8.8,35.8167,84.7,38,55,5.23
434,Murray,US,2021-11-21 16:28:11,40.6669,-111.888,43.63,76,1,1.01
435,Rimini,IT,2021-11-21 16:32:52,44.0241,12.5186,54.59,89,20,3.44
436,Marawi,PH,2021-11-21 16:28:49,7.9986,124.2928,66.65,93,75,1.74
437,Pec,XK,2021-11-21 16:32:52,42.6591,20.2883,44.89,76,0,3.87
438,Caravelas,BR,2021-11-21 16:32:52,-17.7125,-39.2481,72.18,93,100,11.68
439,Passo De Camaragibe,BR,2021-11-21 16:32:52,-9.2368,-35.4901,90.95,52,7,11.05
440,Rocha,UY,2021-11-21 16:32:53,-34.4833,-54.3333,92.37,27,1,13.42
441,Goderich,CA,2021-11-21 16:29:41,43.7501,-81.7165,42.91,75,95,9.22
442,Thinadhoo,MV,2021-11-21 16:32:53,0.5333,72.9333,81.3,77,100,12.95
443,Mayahi,NE,2021-11-21 16:32:53,13.9553,7.6712,89.17,13,5,7.23
444,Bela Vista De Goias,BR,2021-11-21 16:32:53,-16.9728,-48.9533,83.55,56,83,3.8
445,Pucallpa,PE,2021-11-21 16:32:54,-8.3791,-74.5539,80.64,78,75,5.75
446,Doha,QA,2021-11-21 16:32:54,25.2867,51.5333,78.78,76,0,9.22
447,Polunochnoye,RU,2021-11-21 16:32:54,60.8697,60.4153,19.38,98,100,3.09
448,Caranavi,BO,2021-11-21 16:32:54,-15.8167,-67.55,83.05,44,100,3.06
449,Rudbar,AF,2021-11-21 16:32:55,30.15,62.6,58.77,18,0,3.87
450,Molina,CL,2021-11-21 16:32:55,-35.1167,-71.2833,80.33,34,0,6.91
451,Shelburne,CA,2021-11-21 16:32:55,44.0787,-80.2041,41.45,89,72,12.26
452,Havoysund,NO,2021-11-21 16:32:55,70.9963,24.6622,25.68,62,100,23.02
453,Valparaiso,CL,2021-11-21 16:32:56,-33.0393,-71.6273,60.48,75,90,10.36
454,Okha,RU,2021-11-21 16:32:56,53.5739,142.9478,26.85,86,100,16.58
455,Jamu Mare,RO,2021-11-21 16:32:56,45.2542,21.4169,44.4,81,0,1.14
456,Jumla,NP,2021-11-21 16:33:57,29.2747,82.1838,41.95,48,0,4.12
457,Shache,CN,2021-11-21 16:33:57,38.4167,77.2406,32.23,38,2,3.83
458,San Bartolome De Tirajana,ES,2021-11-21 16:33:57,27.9248,-15.5733,61.32,68,20,6.91
459,Merta,IN,2021-11-21 16:33:57,26.65,74.0333,70.74,22,0,8.48
460,Buta,CD,2021-11-21 16:33:58,2.7858,24.73,77.4,76,66,2.91
461,Oban,GB,2021-11-21 16:33:58,56.4127,-5.4706,43.86,75,10,8.55
462,Novochernorechenskiy,RU,2021-11-21 16:33:58,56.2669,91.0828,15.26,87,99,5.79
463,Baghdad,IQ,2021-11-21 16:29:01,33.3406,44.4009,66.11,52,0,6.91
464,Apastovo,RU,2021-11-21 16:33:59,55.2029,48.5109,32.31,92,99,15.3
465,Formosa,AR,2021-11-21 16:31:02,-26.1775,-58.1781,89.58,40,0,3.44
466,Santa Cruz Cabralia,BR,2021-11-21 16:32:41,-16.2781,-39.0247,75.43,94,90,4.61
467,Brae,GB,2021-11-21 16:33:59,60.3964,-1.353,40.91,76,87,14.25
468,Pangody,RU,2021-11-21 16:32:18,65.85,74.4859,14.32,94,100,14.07
469,Gogrial,SS,2021-11-21 16:33:59,8.5332,28.1004,84.52,22,99,4.97
470,Florianopolis,BR,2021-11-21 16:33:59,-27.6146,-48.5012,83.25,67,0,5.99
471,Norwich,GB,2021-11-21 16:34:00,52.6278,1.2983,44.87,79,20,1.01
472,Kitui,KE,2021-11-21 16:34:00,-1.367,38.0106,67.82,80,89,5.06
473,Kennett,US,2021-11-21 16:34:00,36.2362,-90.0556,55.4,100,75,9.22
474,Toktogul,KG,2021-11-21 16:34:01,41.8708,72.9402,34.86,38,91,3.89
475,Mamallapuram,IN,2021-11-21 16:34:01,12.6264,80.1722,82.06,78,33,2.08
476,Ordzhonikidze,KZ,2021-11-21 16:34:01,52.4411,61.7408,33.03,96,100,18.25
477,Boffa,GN,2021-11-21 16:34:01,10.1667,-14.0333,88.5,62,0,10.25
478,Mindelo,CV,2021-11-21 16:34:02,16.8901,-24.9804,83.75,58,75,13.8
479,Lusambo,CD,2021-11-21 16:34:02,-4.9667,23.45,73.47,92,93,1.61
480,Seoni,IN,2021-11-21 16:34:02,22.0833,79.5333,72.9,55,69,5.39
481,Praia Da Vitoria,PT,2021-11-21 16:34:03,38.7333,-27.0667,62.85,94,75,29.97
482,Pedra Branca,BR,2021-11-21 16:34:03,-5.4542,-39.7172,93.88,25,20,7.76
483,Tabuleiro Do Norte,BR,2021-11-21 16:34:03,-5.2467,-38.1306,101.05,22,6,4.85
484,Axim,GH,2021-11-21 16:34:03,4.8699,-2.2405,82.31,79,54,7.65
485,Vilkaviskis,LT,2021-11-21 16:34:04,54.6517,23.0322,40.3,88,100,6.8
486,Bunia,CD,2021-11-21 16:34:04,1.5667,30.25,67.51,75,80,1.32
487,Diego De Almagro,CL,2021-11-21 16:34:04,-26.3667,-70.05,85.06,10,93,11.92
488,Chokwe,MZ,2021-11-21 16:34:04,-24.5333,32.9833,73.17,70,100,6.85
489,Senador Jose Porfirio,BR,2021-11-21 16:34:05,-2.5908,-51.9542,87.44,59,48,0.67
490,Jega,NG,2021-11-21 16:34:05,12.2175,4.3792,89.83,15,0,6.15
491,Bambari,CF,2021-11-21 16:34:05,5.768,20.6757,78.4,46,91,2.86
492,Paris,FR,2021-11-21 16:33:25,48.8534,2.3488,47.79,93,75,5.01
493,Pauini,BR,2021-11-21 16:34:06,-7.7136,-66.9764,90.21,51,99,2.71
494,Saint-Joseph,RE,2021-11-21 16:30:05,-21.3667,55.6167,75.58,76,27,6.69
495,Rumboci,BA,2021-11-21 16:34:06,43.8322,17.5011,46.99,95,15,5.7
496,Kibre Mengist,ET,2021-11-21 16:34:06,5.8833,38.9833,60.3,58,99,0.47
497,Jand,PK,2021-11-21 16:34:06,33.4299,72.0193,63.03,23,0,1.52
498,Adrar,MR,2021-11-21 16:35:07,20.5022,-10.0711,90.39,17,95,3.18
499,Ponta Delgada,PT,2021-11-21 16:32:51,37.7333,-25.6667,63.5,88,40,13.8
500,Villazon,BO,2021-11-21 16:35:07,-22.0866,-65.5942,70.79,21,20,12.39
501,Drumnadrochit,GB,2021-11-21 16:35:07,57.3344,-4.4799,44.62,92,55,4.09
502,Shahrud,IR,2021-11-21 16:35:08,36.4182,54.9763,45.64,48,100,4.79
503,Biryusinsk,RU,2021-11-21 16:35:08,55.9634,97.8235,18.95,96,100,3.69
504,Westport,US,2021-11-21 16:35:08,41.1415,-73.3579,54.19,61,99,1.01
505,Krasne,UA,2021-11-21 16:35:08,49.9145,24.6134,47.55,86,37,6.33
506,Tromso,NO,2021-11-21 16:30:24,69.6496,18.957,25.38,74,40,3.44
507,Atasu,KZ,2021-11-21 16:35:09,48.6814,71.6433,26.83,71,99,14.97
508,Awjilah,LY,2021-11-21 16:35:09,29.1081,21.2869,66.69,53,6,6.17
509,Agadir,MA,2021-11-21 16:34:36,30.4202,-9.5982,75.65,46,19,7.11
510,Atbasar,KZ,2021-11-21 16:35:09,51.8,68.3333,24.03,78,64,16.67
511,Nevel,RU,2021-11-21 16:35:10,56.0209,29.9284,36.48,97,100,6.98
512,Foggia,IT,2021-11-21 16:35:10,41.45,15.5333,57.4,88,0,5.75
513,Nalut,LY,2021-11-21 16:35:10,30.3333,10.85,66.83,46,46,4.16
514,Chippewa Falls,US,2021-11-21 16:35:02,44.9369,-91.3929,39.38,72,75,19.57
515,Achutupo,PA,2021-11-21 16:35:11,9.2,-77.9833,82.38,76,94,2.28
516,Tres Passos,BR,2021-11-21 16:35:11,-27.4556,-53.9319,89.11,32,1,2.48
517,Neustrelitz,DE,2021-11-21 16:35:11,53.3667,13.0833,43.92,88,100,5.03
518,Abu Zabad,SD,2021-11-21 16:35:11,12.35,29.25,77.2,18,39,10.67
519,Maragogi,BR,2021-11-21 16:34:45,-9.0122,-35.2225,83.82,63,46,11.07
520,Ballitoville,ZA,2021-11-21 16:35:12,-29.539,31.2144,72.25,73,0,17.27
521,Konya,TR,2021-11-21 16:35:12,38.1667,32.5,40.48,64,1,4.25
522,Tres Arroyos,AR,2021-11-21 16:35:12,-38.3739,-60.2798,85.48,23,7,13.94
523,Freeport,US,2021-11-21 16:35:12,40.6576,-73.5832,54.41,57,90,3.0
524,Corn Island,NI,2021-11-21 16:35:13,12.1694,-83.0418,80.85,79,98,13.73
525,Camocim,BR,2021-11-21 16:35:13,-2.9022,-40.8411,90.61,52,38,19.44
526,Claremore,US,2021-11-21 16:35:13,36.3126,-95.6161,56.35,67,1,5.99
527,Padang,ID,2021-11-21 16:35:14,-0.9492,100.3543,77.05,83,99,2.89
528,Castrillon,ES,2021-11-21 16:35:14,43.3979,-6.7922,52.21,98,90,2.01
529,Verkhneye Dubrovo,RU,2021-11-21 16:35:14,56.7528,61.0468,24.19,93,75,8.95
530,Salalah,OM,2021-11-21 16:35:14,17.0151,54.0924,80.69,61,0,2.3
531,Mosquera,CO,2021-11-21 16:35:15,4.7059,-74.2302,66.29,45,75,4.61
532,Katima Mulilo,NA,2021-11-21 16:35:15,-17.5,24.2667,70.99,82,100,4.03
533,Bobrovytsya,UA,2021-11-21 16:35:15,50.75,31.3833,49.89,75,99,16.64
534,Antropovo,RU,2021-11-21 16:35:15,58.3988,43.0066,26.19,91,100,9.4
535,Santa Vitoria Do Palmar,BR,2021-11-21 16:35:16,-33.5189,-53.3681,88.75,33,0,9.28
536,Ustrzyki Dolne,PL,2021-11-21 16:35:16,49.4304,22.5938,43.99,100,68,7.0
537,Ust-Tsilma,RU,2021-11-21 16:35:16,65.441,52.1498,21.56,96,100,5.06
538,Carauari,BR,2021-11-21 16:35:16,-4.8828,-66.8958,82.74,81,91,2.33
539,Meridian,US,2021-11-21 16:31:35,43.6121,-116.3915,38.08,87,1,5.01
540,Santa Barbara,US,2021-11-21 16:35:17,34.7333,-120.0343,69.35,66,1,0.0
541,Mumford,GH,2021-11-21 16:35:17,5.2618,-0.759,82.51,76,35,9.28
542,Beziers,FR,2021-11-21 16:35:17,43.3476,3.219,58.48,58,0,6.91
543,Manyana,BW,2021-11-21 16:35:18,-23.4,21.7167,76.41,54,71,16.22
544,Lleida,ES,2021-11-21 16:36:18,41.6167,0.6167,59.49,77,0,0.0
545,San Carlos,VE,2021-11-21 16:36:18,9.6612,-68.5827,84.33,68,88,2.93
546,Raisio,FI,2021-11-21 16:36:18,60.4859,22.169,32.07,69,0,6.91
547,Saint-Augustin,CA,2021-11-21 16:36:19,51.226,-58.6502,35.01,67,85,9.91
548,Mehran,IR,2021-11-21 16:36:19,33.1222,46.1646,63.88,53,83,4.65
549,Cockburn Town,TC,2021-11-21 16:34:14,21.4612,-71.1419,81.07,68,100,12.17
550,Raudeberg,NO,2021-11-21 16:36:19,61.9875,5.1352,38.86,79,99,1.01
551,Bereda,ES,2021-11-21 16:36:19,43.2686,-7.5406,53.35,96,57,4.36
552,Cozumel,MX,2021-11-21 16:34:54,20.5083,-86.9458,80.67,88,75,1.99
553,Isiro,CD,2021-11-21 16:36:20,2.7739,27.616,70.7,85,55,0.78
554,Harindanga,IN,2021-11-21 16:36:20,22.0383,88.3214,76.98,70,17,3.56
555,Niquero,CU,2021-11-21 16:36:20,20.0431,-77.5828,82.94,66,64,1.68
556,Gambo,CF,2021-11-21 16:36:20,4.6482,22.2633,75.65,58,100,1.79
557,Mehriz,IR,2021-11-21 16:36:21,31.5917,54.4318,52.3,49,26,3.51
558,Saint Cloud,US,2021-11-21 16:36:21,45.5608,-94.1625,33.49,53,20,11.99
559,Chaman,PK,2021-11-21 16:36:21,30.9236,66.4512,47.19,30,0,1.07
560,Labrea,BR,2021-11-21 16:36:21,-7.2586,-64.7981,87.3,66,97,0.38
561,Mathbaria,BD,2021-11-21 16:36:22,22.2876,89.9593,71.85,73,9,2.1
562,Sembe,CG,2021-11-21 16:36:22,1.6481,14.5806,75.04,86,68,1.86
563,Motygino,RU,2021-11-21 16:36:22,58.1831,94.7592,9.07,99,100,2.04
564,Doba,TD,2021-11-21 16:36:22,8.65,16.85,85.06,24,59,2.73
565,Brownwood,US,2021-11-21 16:36:23,31.7093,-98.9912,65.97,51,90,13.8
566,Eirunepe,BR,2021-11-21 16:36:23,-6.6603,-69.8736,80.91,77,96,2.04
567,Naryan-Mar,RU,2021-11-21 16:36:23,67.6713,53.087,9.19,97,94,5.5
568,Hun,LY,2021-11-21 16:36:23,29.1268,15.9477,65.28,44,59,6.06
569,Mao,ES,2021-11-21 16:36:24,39.8885,4.2658,59.56,88,20,6.91
570,Amambai,BR,2021-11-21 16:36:24,-23.1042,-55.2258,86.67,42,17,4.32
571,Ploemeur,FR,2021-11-21 16:36:24,47.7333,-3.4333,48.81,73,0,12.66
572,Najran,SA,2021-11-21 16:36:24,17.4924,44.1277,79.45,27,31,0.4
573,Dhidhdhoo,MV,2021-11-21 16:36:25,6.8833,73.1,81.82,68,48,13.76
574,Ajdovscina,SI,2021-11-21 16:36:25,45.886,13.9095,52.45,95,41,1.95
575,Gunjur,GM,2021-11-21 16:36:25,13.2019,-16.7339,100.47,27,0,6.91
576,Vuktyl,RU,2021-11-21 16:36:25,63.8567,57.3094,18.68,85,100,6.11
577,Sal Rei,CV,2021-11-21 16:36:26,16.1833,-22.9167,82.6,61,0,17.27
578,Sliven,BG,2021-11-21 16:36:26,42.6858,26.3292,44.96,83,1,2.55
579,Santiago Del Estero,AR,2021-11-21 16:34:19,-27.7951,-64.2615,95.81,18,69,13.35
580,Aviles,ES,2021-11-21 16:33:30,43.5547,-5.9248,53.92,91,75,4.0
581,Dakar,SN,2021-11-21 16:36:26,14.6937,-17.4441,99.48,70,0,6.91
582,Altay,CN,2021-11-21 16:36:27,47.8667,88.1167,17.87,50,42,8.32
583,Depalpur,IN,2021-11-21 16:36:27,22.85,75.55,76.91,62,94,5.99
584,Taywarah,AF,2021-11-21 16:36:27,33.35,64.4167,30.74,30,0,2.28
585,Olinda,BR,2021-11-21 16:31:30,-8.0089,-34.8553,85.73,62,40,12.66
586,Barcelos,PT,2021-11-21 16:36:27,41.5388,-8.6151,61.84,77,19,4.0
587,Saint-Francois,FR,2021-11-21 16:36:28,46.4154,3.9054,42.48,99,90,5.75
588,Arua,UG,2021-11-21 16:36:28,3.0201,30.9111,67.19,76,62,5.14
589,Gamba,GA,2021-11-21 16:36:28,-2.65,10.0,78.62,83,100,5.1
590,Dudinka,RU,2021-11-21 16:36:28,69.4058,86.1778,-11.25,78,29,10.76
591,Enid,US,2021-11-21 16:36:29,36.3956,-97.8784,53.15,54,75,4.0
592,Saint-Pierre,RE,2021-11-21 16:36:29,-21.3393,55.4781,76.68,75,0,2.3
593,Khandbari,NP,2021-11-21 16:37:29,27.3747,87.2039,59.11,92,73,0.83
